{
  "extVirtualLinks": [
    {
      "resourceId": "oam_v4",
      "extCps": 
      [
        {
          "cpdId": "externaloam_a_IPv4_ECP",
          "addresses": [
            { 
              "subnetId": "v438-OAM",
              "ip": "100.69.127.136"
            },
            { 
              "subnetId": "v438-OAM",
              "ip": "100.69.127.133"
            },
            { 
              "subnetId": "v438-OAM",
              "ip": "100.69.127.135"
            }
            
          ]
        }
      ]
    },
    {
      "resourceId": "oam_v6",
      "extCps":
      [
        {
          "cpdId": "externaloam_a_IPv6_ECP",
          "addresses": [
            {
              "subnetId": "v438-OAM",
              "ip": "2a00:8a00:4000:7690:8::5"
            },
            {
              "subnetId": "v438-OAM",
              "ip": "2a00:8a00:4000:7690:8::6"
            },
            {
              "subnetId": "v438-OAM",
              "ip": "2a00:8a00:4000:7690:8::7"
            }
            
          ]
        }
      ]
    }
    
  ],
  "additionalParams":
  {
    
  },

  "grantlessMode": true,

  "softwareImages": [
    {
      "vnfdSoftwareImageId": "SIG_image",
      "resourceId": "nokia-SBC_sig-RHEL7-R37.28.06.x86_64-bld13.qcow2"
      
    }
  ],
  
  "extManagedVirtualLinks": [
  ],

  "zones": [
    {
      "resourceId": "Host-Group_Lsriov_z1",
      "id": "0"
    },  
    {
      "resourceId": "Host-Group_Lsriov_z2",
      "id": "1"
    }
    
  ],

  
  "apiVersion": "3.3",
  "vims": [{
    "interfaceInfo": {
      "endpoint": "https://10.75.12.196:13000/v3"
      
    },
    "vimInfoType": "OPENSTACK_V3_INFO",
    "accessInfo": {
      "region": "regionOne",
      "userDomain": "Default",
      "project": "CB0078",
      "projectDomain": "default",
  
      "username": "cb0078sa",
      
      "password": ""
    },
    "id": "vim_id"
    
  }],
  
  "computeResourceFlavours": [
    {
      "vnfdVirtualComputeDescId": "oamCompute",
      "resourceId": "CAU-2-8-21-8"
      
    },
    {
      "vnfdVirtualComputeDescId": "scCompute",
      "resourceId": "CAU-4-24-15-1"
      
    },
    {
      "vnfdVirtualComputeDescId": "fwCompute",
      "resourceId": "CAU-8-16-15-1"
      
    },
    {
      "vnfdVirtualComputeDescId": "pfwCompute",
      "resourceId": "CAU-8-16-15-1"
      
    },
    {
      "vnfdVirtualComputeDescId": "bgcCompute",
      "resourceId": "CAU-2-8-15-1"
      
    },
    {
      "vnfdVirtualComputeDescId": "cfedCompute",
      "resourceId": "CAU-8-32-15-1"
      
    },
    {
      "vnfdVirtualComputeDescId": "dfedCompute",
      "resourceId": "CAU-4-16-15-1"
      
    },
    {
      "vnfdVirtualComputeDescId": "ccfCompute",
      "resourceId": "CAU-4-8-15-1"
      
    
    }
    
  ],

  "instantiationLevelId": "default"
  }
