{
    "extVirtualLinks": [
        {
            "resourceId": "h248_subnet", 
            "vimConnectionId": "vim_id", 
            "id": "h248_subnet", 
            "extCps": [
                {
                    "cpConfig": [
                        {
                            "cpProtocolData": [
                                {
                                    "layerProtocol": "IP_OVER_ETHERNET", 
                                    "ipOverEthernet": {
                                        "ipAddresses": [
                                            {
                                                "fixedAddresses": [
                                                    "192.168.1.1"
                                                ], 
                                                "subnetId": "h248_subnet", 
                                                "type": "IPV4"
                                            }, 
                                            {
                                                "fixedAddresses": [
                                                    "192.168.1.3"
                                                ], 
                                                "subnetId": "h248_subnet", 
                                                "type": "IPV4"
                                            }
                                        ]
                                    }
                                }
                            ]
                        }
                    ], 
                    "cpdId": "bgc_a_external1_ECP"
                }, 
                {
                    "cpConfig": [
                        {
                            "cpProtocolData": [
                                {
                                    "layerProtocol": "IP_OVER_ETHERNET", 
                                    "ipOverEthernet": {
                                        "ipAddresses": [
                                            {
                                                "fixedAddresses": [
                                                    "192.168.1.2"
                                                ], 
                                                "subnetId": "h248_subnet", 
                                                "type": "IPV4"
                                            }
                                        ]
                                    }
                                }
                            ]
                        }
                    ], 
                    "cpdId": "bgc_b_external1_ECP"
                }
            ]
        }, 
        {
            "resourceId": "v443-Sig-Acc1-Phy1-IPV6", 
            "vimConnectionId": "vim_id", 
            "id": "v443-Sig-Acc1-Phy1-IPV6", 
            "extCps": [
                {
                    "cpConfig": [
                        {
                            "cpProtocolData": [
                                {
                                    "layerProtocol": "IP_OVER_ETHERNET", 
                                    "ipOverEthernet": {
                                        "ipAddresses": [
                                            {
                                                "fixedAddresses": [
                                                    "100.69.110.5"
                                                ], 
                                                "subnetId": "v443-Sig-Acc1-Phy1-IPV4", 
                                                "type": "IPV4"
                                            }, 
                                            {
                                                "fixedAddresses": [
                                                    "2a00:8a00:4000:7690:d::5"
                                                ], 
                                                "subnetId": "v443-Sig-Acc1-Phy1-IPV6", 
                                                "type": "IPV6"
                                            }, 
                                            {
                                                "fixedAddresses": [
                                                    "100.69.110.7"
                                                ], 
                                                "subnetId": "v443-Sig-Acc1-Phy1-IPV4", 
                                                "type": "IPV4"
                                            }, 
                                            {
                                                "fixedAddresses": [
                                                    "2a00:8a00:4000:7690:d::7"
                                                ], 
                                                "subnetId": "v443-Sig-Acc1-Phy1-IPV6", 
                                                "type": "IPV6"
                                            }
                                        ]
                                    }
                                }
                            ]
                        }
                    ], 
                    "cpdId": "fw_a_external1_ECP"
                }, 
                {
                    "cpConfig": [
                        {
                            "cpProtocolData": [
                                {
                                    "layerProtocol": "IP_OVER_ETHERNET", 
                                    "ipOverEthernet": {
                                        "ipAddresses": [
                                            {
                                                "fixedAddresses": [
                                                    "100.69.110.6"
                                                ], 
                                                "subnetId": "v443-Sig-Acc1-Phy1-IPV4", 
                                                "type": "IPV4"
                                            }, 
                                            {
                                                "fixedAddresses": [
                                                    "2a00:8a00:4000:7690:d::6"
                                                ], 
                                                "subnetId": "v443-Sig-Acc1-Phy1-IPV6", 
                                                "type": "IPV6"
                                            }
                                        ]
                                    }
                                }
                            ]
                        }
                    ], 
                    "cpdId": "fw_b_external1_ECP"
                }
            ]
        }, 
        {
            "resourceId": "v443-Sig-Acc1-Phy2-IPV6", 
            "vimConnectionId": "vim_id", 
            "id": "v443-Sig-Acc1-Phy2-IPV6", 
            "extCps": [
                {
                    "cpConfig": [
                        {
                            "cpProtocolData": [
                                {
                                    "layerProtocol": "IP_OVER_ETHERNET", 
                                    "ipOverEthernet": {
                                        "ipAddresses": [
                                            {
                                                "fixedAddresses": [
                                                    "100.69.110.5"
                                                ], 
                                                "subnetId": "v443-Sig-Acc1-Phy2-IPV4", 
                                                "type": "IPV4"
                                            }, 
                                            {
                                                "fixedAddresses": [
                                                    "2a00:8a00:4000:7690:d::5"
                                                ], 
                                                "subnetId": "v443-Sig-Acc1-Phy2-IPV6", 
                                                "type": "IPV6"
                                            }, 
                                            {
                                                "fixedAddresses": [
                                                    "100.69.110.7"
                                                ], 
                                                "subnetId": "v443-Sig-Acc1-Phy2-IPV4", 
                                                "type": "IPV4"
                                            }, 
                                            {
                                                "fixedAddresses": [
                                                    "2a00:8a00:4000:7690:d::7"
                                                ], 
                                                "subnetId": "v443-Sig-Acc1-Phy2-IPV6", 
                                                "type": "IPV6"
                                            }
                                        ]
                                    }
                                }
                            ]
                        }
                    ], 
                    "cpdId": "fw_a_external2_ECP"
                }, 
                {
                    "cpConfig": [
                        {
                            "cpProtocolData": [
                                {
                                    "layerProtocol": "IP_OVER_ETHERNET", 
                                    "ipOverEthernet": {
                                        "ipAddresses": [
                                            {
                                                "fixedAddresses": [
                                                    "100.69.110.6"
                                                ], 
                                                "subnetId": "v443-Sig-Acc1-Phy2-IPV4", 
                                                "type": "IPV4"
                                            }, 
                                            {
                                                "fixedAddresses": [
                                                    "2a00:8a00:4000:7690:d::6"
                                                ], 
                                                "subnetId": "v443-Sig-Acc1-Phy2-IPV6", 
                                                "type": "IPV6"
                                            }
                                        ]
                                    }
                                }
                            ]
                        }
                    ], 
                    "cpdId": "fw_b_external2_ECP"
                }
            ]
        }, 
        {
            "resourceId": "v438-OAM-IPV6", 
            "vimConnectionId": "vim_id", 
            "id": "v438-OAM-IPV6", 
            "extCps": [
                {
                    "cpConfig": [
                        {
                            "cpProtocolData": [
                                {
                                    "layerProtocol": "IP_OVER_ETHERNET", 
                                    "ipOverEthernet": {
                                        "ipAddresses": [
                                            {
                                                "fixedAddresses": [
                                                    "100.69.127.133"
                                                ], 
                                                "subnetId": "v438-OAM-IPV4", 
                                                "type": "IPV4"
                                            }, 
                                            {
                                                "fixedAddresses": [
                                                    "100.69.127.135"
                                                ], 
                                                "subnetId": "v438-OAM-IPV4", 
                                                "type": "IPV4"
                                            }, 
                                            {
                                                "fixedAddresses": [
                                                    "100.69.127.136"
                                                ], 
                                                "subnetId": "v438-OAM-IPV4", 
                                                "type": "IPV4"
                                            }, 
                                            {
                                                "fixedAddresses": [
                                                    "2a00:8a00:4000:7690:8::6"
                                                ], 
                                                "subnetId": "v438-OAM-IPV6", 
                                                "type": "IPV6"
                                            }, 
                                            {
                                                "fixedAddresses": [
                                                    "2a00:8a00:4000:7690:8::7"
                                                ], 
                                                "subnetId": "v438-OAM-IPV6", 
                                                "type": "IPV6"
                                            }, 
                                            {
                                                "fixedAddresses": [
                                                    "2a00:8a00:4000:7690:8::5"
                                                ], 
                                                "subnetId": "v438-OAM-IPV6", 
                                                "type": "IPV6"
                                            }
                                        ]
                                    }
                                }
                            ]
                        }
                    ], 
                    "cpdId": "oam_a_external1_ECP"
                }, 
                {
                    "cpConfig": [
                        {
                            "cpProtocolData": [
                                {
                                    "layerProtocol": "IP_OVER_ETHERNET", 
                                    "ipOverEthernet": {
                                        "ipAddresses": [
                                            {
                                                "fixedAddresses": [
                                                    "100.69.127.134"
                                                ], 
                                                "subnetId": "v438-OAM-IPV4", 
                                                "type": "IPV4"
                                            }, 
                                            {
                                                "fixedAddresses": [
                                                    "2a00:8a00:4000:7690:8::8"
                                                ], 
                                                "subnetId": "v438-OAM-IPV6", 
                                                "type": "IPV6"
                                            }
                                        ]
                                    }
                                }
                            ]
                        }
                    ], 
                    "cpdId": "oam_b_external1_ECP"
                }
            ]
        }, 
        {
            "resourceId": "v441-Sig-Core1-IPV6", 
            "vimConnectionId": "vim_id", 
            "id": "v441-Sig-Core1-IPV6", 
            "extCps": [
                {
                    "cpConfig": [
                        {
                            "cpProtocolData": [
                                {
                                    "layerProtocol": "IP_OVER_ETHERNET", 
                                    "ipOverEthernet": {
                                        "ipAddresses": [
                                            {
                                                "fixedAddresses": [
                                                    "100.69.127.231"
                                                ], 
                                                "subnetId": "v441-Sig-Core1-IPV4", 
                                                "type": "IPV4"
                                            }, 
                                            {
                                                "fixedAddresses": [
                                                    "2a00:8a00:4000:7690:b::7"
                                                ], 
                                                "subnetId": "v441-Sig-Core1-IPV6", 
                                                "type": "IPV6"
                                            }
                                        ]
                                    }
                                }
                            ]
                        }
                    ], 
                    "cpdId": "cfed_a_external1_ECP"
                }, 
                {
                    "cpConfig": [
                        {
                            "cpProtocolData": [
                                {
                                    "layerProtocol": "IP_OVER_ETHERNET", 
                                    "ipOverEthernet": {
                                        "ipAddresses": [
                                            {
                                                "fixedAddresses": [
                                                    "100.69.127.232"
                                                ], 
                                                "subnetId": "v441-Sig-Core1-IPV4", 
                                                "type": "IPV4"
                                            }, 
                                            {
                                                "fixedAddresses": [
                                                    "2a00:8a00:4000:7690:b::8"
                                                ], 
                                                "subnetId": "v441-Sig-Core1-IPV6", 
                                                "type": "IPV6"
                                            }
                                        ]
                                    }
                                }
                            ]
                        }
                    ], 
                    "cpdId": "cfed_b_external1_ECP"
                }
            ]
        }, 
        {
            "resourceId": "v442-Sig-Core2-IPV6", 
            "vimConnectionId": "vim_id", 
            "id": "v442-Sig-Core2-IPV6", 
            "extCps": [
                {
                    "cpConfig": [
                        {
                            "cpProtocolData": [
                                {
                                    "layerProtocol": "IP_OVER_ETHERNET", 
                                    "ipOverEthernet": {
                                        "ipAddresses": [
                                            {
                                                "fixedAddresses": [
                                                    "100.69.127.245"
                                                ], 
                                                "subnetId": "v442-Sig-Core2-IPV4", 
                                                "type": "IPV4"
                                            }, 
                                            {
                                                "fixedAddresses": [
                                                    "2a00:8a00:4000:7690:c::5"
                                                ], 
                                                "subnetId": "v442-Sig-Core2-IPV6", 
                                                "type": "IPV6"
                                            }
                                        ]
                                    }
                                }
                            ]
                        }
                    ], 
                    "cpdId": "cfed_a_external2_ECP"
                }, 
                {
                    "cpConfig": [
                        {
                            "cpProtocolData": [
                                {
                                    "layerProtocol": "IP_OVER_ETHERNET", 
                                    "ipOverEthernet": {
                                        "ipAddresses": [
                                            {
                                                "fixedAddresses": [
                                                    "100.69.127.246"
                                                ], 
                                                "subnetId": "v442-Sig-Core2-IPV4", 
                                                "type": "IPV4"
                                            }, 
                                            {
                                                "fixedAddresses": [
                                                    "2a00:8a00:4000:7690:c::6"
                                                ], 
                                                "subnetId": "v442-Sig-Core2-IPV6", 
                                                "type": "IPV6"
                                            }
                                        ]
                                    }
                                }
                            ]
                        }
                    ], 
                    "cpdId": "cfed_b_external2_ECP"
                }
            ]
        }, 
        {
            "resourceId": "v441-Sig-Core1-IPV6", 
            "vimConnectionId": "vim_id", 
            "id": "v441-Sig-Core1-IPV6", 
            "extCps": [
                {
                    "cpConfig": [
                        {
                            "cpProtocolData": [
                                {
                                    "layerProtocol": "IP_OVER_ETHERNET", 
                                    "ipOverEthernet": {
                                        "ipAddresses": [
                                            {
                                                "fixedAddresses": [
                                                    "100.69.127.233"
                                                ], 
                                                "subnetId": "v441-Sig-Core1-IPV4", 
                                                "type": "IPV4"
                                            }, 
                                            {
                                                "fixedAddresses": [
                                                    "2a00:8a00:4000:7690:b::9"
                                                ], 
                                                "subnetId": "v441-Sig-Core1-IPV6", 
                                                "type": "IPV6"
                                            }
                                        ]
                                    }
                                }
                            ]
                        }
                    ], 
                    "cpdId": "dfed_a_external1_ECP"
                }, 
                {
                    "cpConfig": [
                        {
                            "cpProtocolData": [
                                {
                                    "layerProtocol": "IP_OVER_ETHERNET", 
                                    "ipOverEthernet": {
                                        "ipAddresses": [
                                            {
                                                "fixedAddresses": [
                                                    "100.69.127.234"
                                                ], 
                                                "subnetId": "v441-Sig-Core1-IPV4", 
                                                "type": "IPV4"
                                            }, 
                                            {
                                                "fixedAddresses": [
                                                    "2a00:8a00:4000:7690:b::10"
                                                ], 
                                                "subnetId": "v441-Sig-Core1-IPV6", 
                                                "type": "IPV6"
                                            }
                                        ]
                                    }
                                }
                            ]
                        }
                    ], 
                    "cpdId": "dfed_b_external1_ECP"
                }
            ]
        }, 
        {
            "resourceId": "v452-Sig-Peer1-Phy1-IPV6", 
            "vimConnectionId": "vim_id", 
            "id": "v452-Sig-Peer1-Phy1-IPV6", 
            "extCps": [
                {
                    "cpConfig": [
                        {
                            "cpProtocolData": [
                                {
                                    "layerProtocol": "IP_OVER_ETHERNET", 
                                    "ipOverEthernet": {
                                        "ipAddresses": [
                                            {
                                                "fixedAddresses": [
                                                    "100.69.110.149"
                                                ], 
                                                "subnetId": "v452-Sig-Peer1-Phy1-IPV4", 
                                                "type": "IPV4"
                                            }, 
                                            {
                                                "fixedAddresses": [
                                                    "2a00:8a00:4000:7690:16::5"
                                                ], 
                                                "subnetId": "v452-Sig-Peer1-Phy1-IPV6", 
                                                "type": "IPV6"
                                            }
                                        ]
                                    }
                                }
                            ]
                        }
                    ], 
                    "cpdId": "pfw_a_external1_ECP"
                }, 
                {
                    "cpConfig": [
                        {
                            "cpProtocolData": [
                                {
                                    "layerProtocol": "IP_OVER_ETHERNET", 
                                    "ipOverEthernet": {
                                        "ipAddresses": [
                                            {
                                                "fixedAddresses": [
                                                    "100.69.110.150"
                                                ], 
                                                "subnetId": "v452-Sig-Peer1-Phy1-IPV4", 
                                                "type": "IPV4"
                                            }, 
                                            {
                                                "fixedAddresses": [
                                                    "2a00:8a00:4000:7690:16::6"
                                                ], 
                                                "subnetId": "v452-Sig-Peer1-Phy1-IPV6", 
                                                "type": "IPV6"
                                            }
                                        ]
                                    }
                                }
                            ]
                        }
                    ], 
                    "cpdId": "pfw_b_external1_ECP"
                }
            ]
        }, 
        {
            "resourceId": "v452-Sig-Peer1-Phy2-IPV6", 
            "vimConnectionId": "vim_id", 
            "id": "v452-Sig-Peer1-Phy2-IPV6", 
            "extCps": [
                {
                    "cpConfig": [
                        {
                            "cpProtocolData": [
                                {
                                    "layerProtocol": "IP_OVER_ETHERNET", 
                                    "ipOverEthernet": {
                                        "ipAddresses": [
                                            {
                                                "fixedAddresses": [
                                                    "100.69.110.149"
                                                ], 
                                                "subnetId": "v452-Sig-Peer1-Phy2-IPV4", 
                                                "type": "IPV4"
                                            }, 
                                            {
                                                "fixedAddresses": [
                                                    "2a00:8a00:4000:7690:16::5"
                                                ], 
                                                "subnetId": "v452-Sig-Peer1-Phy2-IPV6", 
                                                "type": "IPV6"
                                            }
                                        ]
                                    }
                                }
                            ]
                        }
                    ], 
                    "cpdId": "pfw_a_external2_ECP"
                }, 
                {
                    "cpConfig": [
                        {
                            "cpProtocolData": [
                                {
                                    "layerProtocol": "IP_OVER_ETHERNET", 
                                    "ipOverEthernet": {
                                        "ipAddresses": [
                                            {
                                                "fixedAddresses": [
                                                    "100.69.110.150"
                                                ], 
                                                "subnetId": "v452-Sig-Peer1-Phy2-IPV4", 
                                                "type": "IPV4"
                                            }, 
                                            {
                                                "fixedAddresses": [
                                                    "2a00:8a00:4000:7690:16::6"
                                                ], 
                                                "subnetId": "v452-Sig-Peer1-Phy2-IPV6", 
                                                "type": "IPV6"
                                            }
                                        ]
                                    }
                                }
                            ]
                        }
                    ], 
                    "cpdId": "pfw_b_external2_ECP"
                }
            ]
        }, 
        {
            "resourceId": "v441-Sig-Core1-IPV6", 
            "vimConnectionId": "vim_id", 
            "id": "v441-Sig-Core1-IPV6", 
            "extCps": [
                {
                    "cpConfig": [
                        {
                            "cpProtocolData": [
                                {
                                    "layerProtocol": "IP_OVER_ETHERNET", 
                                    "ipOverEthernet": {
                                        "ipAddresses": [
                                            {
                                                "fixedAddresses": [
                                                    "100.69.127.229"
                                                ], 
                                                "subnetId": "v441-Sig-Core1-IPV4", 
                                                "type": "IPV4"
                                            }, 
                                            {
                                                "fixedAddresses": [
                                                    "2a00:8a00:4000:7690:b::5"
                                                ], 
                                                "subnetId": "v441-Sig-Core1-IPV6", 
                                                "type": "IPV6"
                                            }
                                        ]
                                    }
                                }
                            ]
                        }
                    ], 
                    "cpdId": "ccf_a_external1_ECP"
                }, 
                {
                    "cpConfig": [
                        {
                            "cpProtocolData": [
                                {
                                    "layerProtocol": "IP_OVER_ETHERNET", 
                                    "ipOverEthernet": {
                                        "ipAddresses": [
                                            {
                                                "fixedAddresses": [
                                                    "100.69.127.230"
                                                ], 
                                                "subnetId": "v441-Sig-Core1-IPV4", 
                                                "type": "IPV4"
                                            }, 
                                            {
                                                "fixedAddresses": [
                                                    "2a00:8a00:4000:7690:b::6"
                                                ], 
                                                "subnetId": "v441-Sig-Core1-IPV6", 
                                                "type": "IPV6"
                                            }
                                        ]
                                    }
                                }
                            ]
                        }
                    ], 
                    "cpdId": "ccf_b_external1_ECP"
                }
            ]
        }
    ], 
    "grantlessMode": false, 
    "softwareImages": [
        {
            "vnfdSoftwareImageId": "ccf_a", 
            "vimSoftwareImageId": "nokia-SBC_sig-RHEL7-R37.34.06.x86_64-33.qcow2", 
            "vimConnectionId": "vim_id"
        }, 
        {
            "vnfdSoftwareImageId": "ccf_b", 
            "vimSoftwareImageId": "nokia-SBC_sig-RHEL7-R37.34.06.x86_64-33.qcow2", 
            "vimConnectionId": "vim_id"
        }, 
        {
            "vnfdSoftwareImageId": "dfed_b", 
            "vimSoftwareImageId": "nokia-SBC_sig-RHEL7-R37.34.06.x86_64-33.qcow2", 
            "vimConnectionId": "vim_id"
        }, 
        {
            "vnfdSoftwareImageId": "cfed_b", 
            "vimSoftwareImageId": "nokia-SBC_sig-RHEL7-R37.34.06.x86_64-33.qcow2", 
            "vimConnectionId": "vim_id"
        }, 
        {
            "vnfdSoftwareImageId": "cfed_a", 
            "vimSoftwareImageId": "nokia-SBC_sig-RHEL7-R37.34.06.x86_64-33.qcow2", 
            "vimConnectionId": "vim_id"
        }, 
        {
            "vnfdSoftwareImageId": "dfed_a", 
            "vimSoftwareImageId": "nokia-SBC_sig-RHEL7-R37.34.06.x86_64-33.qcow2", 
            "vimConnectionId": "vim_id"
        }, 
        {
            "vnfdSoftwareImageId": "oam_a", 
            "vimSoftwareImageId": "nokia-SBC_sig-RHEL7-R37.34.06.x86_64-33.qcow2", 
            "vimConnectionId": "vim_id"
        }, 
        {
            "vnfdSoftwareImageId": "pfw_b", 
            "vimSoftwareImageId": "nokia-SBC_sig-RHEL7-R37.34.06.x86_64-33.qcow2", 
            "vimConnectionId": "vim_id"
        }, 
        {
            "vnfdSoftwareImageId": "oam_b", 
            "vimSoftwareImageId": "nokia-SBC_sig-RHEL7-R37.34.06.x86_64-33.qcow2", 
            "vimConnectionId": "vim_id"
        }, 
        {
            "vnfdSoftwareImageId": "sc_a", 
            "vimSoftwareImageId": "nokia-SBC_sig-RHEL7-R37.34.06.x86_64-33.qcow2", 
            "vimConnectionId": "vim_id"
        }, 
        {
            "vnfdSoftwareImageId": "pfw_a", 
            "vimSoftwareImageId": "nokia-SBC_sig-RHEL7-R37.34.06.x86_64-33.qcow2", 
            "vimConnectionId": "vim_id"
        }, 
        {
            "vnfdSoftwareImageId": "fw_a", 
            "vimSoftwareImageId": "nokia-SBC_sig-RHEL7-R37.34.06.x86_64-33.qcow2", 
            "vimConnectionId": "vim_id"
        }, 
        {
            "vnfdSoftwareImageId": "fw_b", 
            "vimSoftwareImageId": "nokia-SBC_sig-RHEL7-R37.34.06.x86_64-33.qcow2", 
            "vimConnectionId": "vim_id"
        }, 
        {
            "vnfdSoftwareImageId": "bgc_a", 
            "vimSoftwareImageId": "nokia-SBC_sig-RHEL7-R37.34.06.x86_64-33.qcow2", 
            "vimConnectionId": "vim_id"
        }, 
        {
            "vnfdSoftwareImageId": "bgc_b", 
            "vimSoftwareImageId": "nokia-SBC_sig-RHEL7-R37.34.06.x86_64-33.qcow2", 
            "vimConnectionId": "vim_id"
        }, 
        {
            "vnfdSoftwareImageId": "sc_b", 
            "vimSoftwareImageId": "nokia-SBC_sig-RHEL7-R37.34.06.x86_64-33.qcow2", 
            "vimConnectionId": "vim_id"
        }
    ], 
    "vimConnectionInfo": [
        {
            "interfaceInfo": {
                "endpoint": "https://10.75.12.196:13000/v3"
            }, 
            "vimType": "OPENSTACK_V3", 
            "accessInfo": {
                "username": "cb0078sa", 
                "userDomain": "Default", 
                "region": "regionOne", 
                "project": "CB0078", 
                "projectDomain": "default", 
                "password": ""
            }, 
            "id": "vim_id"
        }
    ], 
    "flavourId": "default", 
    "apiVersion": 4.0, 
    "zones": [
        {
            "vimConnectionId": "vim_id", 
            "id": "0", 
            "zoneId": "Host-Group_Lsriov_z1"
        }, 
        {
            "vimConnectionId": "vim_id", 
            "id": "1", 
            "zoneId": "Host-Group_Lsriov_z2"
        }, 
        {
            "vimConnectionId": "vim_id", 
            "id": "storage0", 
            "zoneId": "nova"
        }, 
        {
            "vimConnectionId": "vim_id", 
            "id": "storage1", 
            "zoneId": "nova"
        }
    ], 
    "instantiationLevelId": "default", 
    "computeResourceFlavours": [
        {
            "vimFlavourId": "CAU-4-8-15-1", 
            "vnfdVirtualComputeDescId": "ccf_a", 
            "vimConnectionId": "vim_id"
        }, 
        {
            "vimFlavourId": "CAU-4-8-15-1", 
            "vnfdVirtualComputeDescId": "ccf_b", 
            "vimConnectionId": "vim_id"
        }, 
        {
            "vimFlavourId": "CAU-8-16-15-1", 
            "vnfdVirtualComputeDescId": "pfw_a", 
            "vimConnectionId": "vim_id"
        }, 
        {
            "vimFlavourId": "CAU-8-32-15-1", 
            "vnfdVirtualComputeDescId": "cfed_b", 
            "vimConnectionId": "vim_id"
        }, 
        {
            "vimFlavourId": "CAU-8-32-15-1", 
            "vnfdVirtualComputeDescId": "cfed_a", 
            "vimConnectionId": "vim_id"
        }, 
        {
            "vimFlavourId": "CAU-8-16-15-1", 
            "vnfdVirtualComputeDescId": "pfw_b", 
            "vimConnectionId": "vim_id"
        }, 
        {
            "vimFlavourId": "CAU-2-8-21-8", 
            "vnfdVirtualComputeDescId": "oam_a", 
            "vimConnectionId": "vim_id"
        }, 
        {
            "vimFlavourId": "CAU-2-8-21-8", 
            "vnfdVirtualComputeDescId": "oam_b", 
            "vimConnectionId": "vim_id"
        }, 
        {
            "vimFlavourId": "CAU-4-24-15-1", 
            "vnfdVirtualComputeDescId": "sc_a", 
            "vimConnectionId": "vim_id"
        }, 
        {
            "vimFlavourId": "CAU-4-16-15-1", 
            "vnfdVirtualComputeDescId": "dfed_a", 
            "vimConnectionId": "vim_id"
        }, 
        {
            "vimFlavourId": "CAU-4-24-15-1", 
            "vnfdVirtualComputeDescId": "sc_b", 
            "vimConnectionId": "vim_id"
        }, 
        {
            "vimFlavourId": "CAU-8-16-15-1", 
            "vnfdVirtualComputeDescId": "fw_b", 
            "vimConnectionId": "vim_id"
        }, 
        {
            "vimFlavourId": "CAU-4-16-15-1", 
            "vnfdVirtualComputeDescId": "dfed_b", 
            "vimConnectionId": "vim_id"
        }, 
        {
            "vimFlavourId": "CAU-2-8-15-1", 
            "vnfdVirtualComputeDescId": "bgc_a", 
            "vimConnectionId": "vim_id"
        }, 
        {
            "vimFlavourId": "CAU-2-8-15-1", 
            "vnfdVirtualComputeDescId": "bgc_b", 
            "vimConnectionId": "vim_id"
        }, 
        {
            "vimFlavourId": "CAU-8-16-15-1", 
            "vnfdVirtualComputeDescId": "fw_a", 
            "vimConnectionId": "vim_id"
        }
    ]
}